{"cameraMode":{"drawMode":0,"name":"Shaded","section":"Shading Mode"},"sceneLighting":true,"audioPlay":false,"sceneViewState":{"showFog":true,"showMaterialUpdate":false,"showSkybox":true,"showFlares":true,"showImageEffects":true,"showParticleSystems":true},"in2DMode":false,"pivot":{"x":-2.38261342048645,"y":-3.5803637504577638,"z":6.302770137786865},"rotation":{"x":-0.12448079884052277,"y":0.012812712229788304,"z":-0.0016131269512698055,"w":-0.9921781420707703},"size":10.0,"orthographic":false}